Entry,Protein names,sequence,organism_name,ec
H7FWB6,Ice-binding protein (Antifreeze protein) (AFP) (FfIBP),MKILKRIPVLAVLLVGLMTNCSNDSDSSSLSVANSTYETTALNSQKSSTDQPNSGSKSGQTLDLVNLGVAANFAILSKTGITDVYKSAITGDVGASPITGAAILLKCDEVTGTIFSVDAAGPACKITDASRLTTAVGDMQIAYDNAAGRLNPDFLNLGAGTIGGKTLTPGLYKWTSTLNIPTDITISGSSTDVWIFQVAGNLNMSSAVRITLAGGAQAKNIFWQTAGAVTLGSTSHFEGNILSQTGINMKTAASINGRMMAQTAVTLQMNTVTIPQ,Flavobacterium frigoris (strain PS1),
C7F6X3,Ice-binding protein (Antifreeze protein) (AFP) (LeIBP),MSLLSIITIGLAGLGGLVNGQRDLSVELGVASNFAILAKAGISSVPDSAILGDIGVSPAAATYITGFGLTQDSSTTYATSPQVTGLIYAADYSTPTPNYLAAAVANAETAYNQAAGFVDPDFLELGAGELRDQTLVPGLYKWTSSVSVPTDLTFEGNGDATWVFQIAGGLSLADGVAFTLAGGANSTNIAFQVGDDVTVGKGAHFEGVLLAKRFVTLQTGSSLNGRVLSQTEVALQKATVNSPFVPAPEVVQKRSNARQWL,Leucosporidium sp. (strain AY30) (Arctic yeast),
A5XB26,Ice-binding protein (Antifreeze protein) (AFP),MKTLISNSKKVLIPLIMGSIFAGNVMAAGPYAVELGEAGTFTILSKSGITDVYPSTVTGNVGTSPITGAALLLNCDEVTGAMYTVDSAGPLPCSINSPYLLELAVSDMGIAYNDAAGRVPADHTELGTGEIGGLTLEPGVYKWSSDVNISTDVTFNGTMDDVWIMQISGNLNQANAKRVTLTGGALAKNIFWQVAGYTALGTYASFEGIVLSKTLISVNTGTTVNGRLLAQTAVTLQKNTINAPTEQYEEAPL,Colwellia sp,
Q76CE6,Ice-binding protein K3-B1 (Antifreeze protein 6) (AFP6) (TAFP-2) (TisAFP6),MFSASSLLAVIALAISSVSAAGPSAVPLGTAGNYVILASTGVSTVPQSVITGAVGVSPGTAASLTGFSLILSGTGTFSTSSQVTGQLTGADYGTPTPSILTTAIGDMGTAYINAATRSGPDFLEIYTGALGGTTLLPGLYKWTSSVGASADFTISGTSTDTWIFQIDGTLDVATGKQITLVGGAQAKNIIWVVAGAVNIEVGAKFEGTILAKTAVTFKTGSSLNGRILAQTSVALQSATIVEK,Typhula ishikariensis (Gray snow mold fungus),
Q76CE8,Ice-binding protein K1-A (Antifreeze protein 8) (AFP8) (TAFP-3) (TisAFP8),MFSSTYLLAIIALAVSSVFAAGPTAVPLGTAGNYAILASAGVSTVPQSVITGAVGLSPAAATFLTGFSLTMSSTGTFSTSTQVTGQLTAADYGTPTPSILTTAIGDMGTAYVNAATRSGPNFLEIYTGALGGKILPPGLYKWTSPVGASADFTIIGTSTDTWIFQIAGTLGLAAGKKIILAGGAQAKNIVWVVAGAVSIEAGAKFEGVILAKTAVTLKTGSSLNGRILSQTAVALQKATVVQK,Typhula ishikariensis (Gray snow mold fungus),
Q086E4,Ice-binding protein 1 (Antifreeze protein 1) (AFP 1) (Ice adhesin 1),MNHSIKKTYLVFTMLLGFILLAGCNGDNNNDNSNNDNNGVLLTSIAVTPATPSMPLGLKQQFTAMGTYSDGTSSDITNSATWSSDDSTVATINGSGLAMGVIPGSVAITASLIDSSSNEQSATTTLTITDATLTALAITPVNPSLAKGLTKQFMATGTYSDGTSPDVTTSVTWSSANTLVATVNASGLASGVAIGSSIITASLGSDETTTELNITDAILSSIALTPVEPSIAKGITQQFTAIGTYSDGISVDITASSNWSSADTLVATMNTSGAAKGVSIGSSIITADFQAQSATSLLTVTDASLTSIMLTPANPHIPKGNTLQLTATGIYSDGISVDITSSAIWSSADTLIATVNADGVVSGITSGSAIITATSAALSATTTVTVTDTTLTSIAVTPGNQTIVKGSNKQLTATGTYSDGSLANITASVTWSSADTLVATVNNSGLASGIETGSSLISASSGALSGSTNLTITGAALNSIVVSPTNLSLVKGMNKQFAATATYSDGSVADISTSVTWSSADTLVATIDVNGLANGKAAGSSLITATSGAQSNSTNLTVTDATLNSIDVTPINPSIIKNSSQNFVATGHYSDGSTTNITSTVMWSSADTLVATLNPNEQLNSGRATAIEVGSSVIQASLSGVFADTTLNVTAALPNNPLAPELGEVARFAMLASQAITTTSGSAIVDGDLGILDQARSYYAGFTPGVNAGEFDELTNGLSYAGDDSTPPYVVPVPYASMVAFINQSRTDLGIAYNFLAADPNPNAATQVCPIELGNLTLTRGVYKTAADVTLQTGTLTLDGEGDPDSVFIFTIGGNLTSGAPGGDIVLINGAQAKNIYWRTAGKTVIGTNTNFSGNVFAWSEVNVRTGANVTGRLFAVTDQVTLDANAVTKAN,Shewanella frigidimarina (strain NCIMB 400),
A0A7D5JNZ7,Ice-binding protein (nIBP),MLKINRKYAIILAIVAFSSFQTEAKAASISMLGTASNFGVLGGSTVTNTGPSVITESLGVSTGSSATGFPPAIVNGTIFTSDTVAAQAQVDNATAYNKLASLIPNKDLTGLDLGGLTLTPGVYSFSSSAQLTGILTLDNLGDPNALFVFQIGSTLTTASNSSIVTTNGDAPNVFFQIGSSATLGTGTQFMGNILALTSITLTTGVNIDCGRALAQNGAVTMDTNKVSNACYTKPQEKAVVPEPDSSLAVLGSGLVSLLFAFRKRFRKGW,Nostoc sp. (strain HG1),
B8XC04,Ice-binding protein (Antifreeze protein) (AFP),MFSTTLINTFSLGLLAVVSVVAAPGGISVGPISIGPGGISLGPGGISIGPGGINLGPGGGPGAINAGPAAVNLGTAGNYAILAKSGISTVPESIISGNIGVSPISTTAFTGFSETLDSTGKFATSQQVVGELFAASFAAPTPTTLTTAVSDMQTAFNDATGRVTPDFTNLGGGELGGLVLTPGLYKWTGAVSVNSTGVTIAGTPLDHFIFQIPATLGFAAASRVTLVGGIPASNIVWAATSVVTAGAGSHIEGVVLAKTAVTLETGATMNGRILAQTFVALQSATVIG,Lentinula edodes (Shiitake mushroom) (Lentinus edodes),
B8XC03,Ice-binding protein (Antifreeze protein) (AFP),MTFSILSIFVFGLISSSVALGPAPVLLGKAENFAILSETGVSNVPDSSVNCDIGVSPIGASGVTGFSLTGDSGGSFSTSKQVTGRVYASTYGDPTPASLTTAVFDMENAYKDAQERIDPDFTNLHTGALGGAILVPGLYKFTTGVSITADLVLTGGPTDTYIFQIAGTLSLAAGVKINLVGGLLPANVVWAVADSVTVAATSSFQGILLGKTQVVVNTNASVEGRILAQTAVVLQKATVIVPGVCGA,Flammulina populicola (Enokitake mushroom),
A0A9J5XLH4,Ice binding protein,MDQVQPMYRPPPPETPKEPMEFLSRSWSLSAFEVSKALAPPQVLPKSLFSGTPSYIGSGSGTIPEDIAAELDESAIVSGNPFSFASSETSQLIMERIMSVSQDVSPRTSGRLSHSSGPLNGGSLTDSPPVSPTEMDDSKYCRVNNVPVNNQYRSSATATSSTVTGGGGGGKTVGRWLKDRREKKKEEMRAHNAQLHAAVSVAGVAAAVAAIAAATAASSGSGKDEQMAKTDMAVASAATLVAAQCVEAAEAMGAEREHLASVVSSAVNVRSAGDIMTLTAAAATALRGAATLKARTLKEVWNIAAVIPVDKGMGSGNGGGSNGSSSGELIPEENFLGICSRELLARGGELLKRTRKGDLHWKIVSVYINRTGQVMLKMKSRHVAGTITKKKKNLVLEVMKDIPAWPGRHLLPGSDNFKYFALKTVLRGVVEFECRDQREYDLWTQGVSRLLSIAAEKNGRHKF,Solanum commersonii (Commerson's wild potato) (Commerson's nightshade),
